,generation,fitness
0,1,512
1,1,0
2,1,0
3,1,128
4,1,0
5,1,0
6,1,0
7,1,0
8,1,0
9,1,0
10,1,248
11,1,0
12,1,512
13,1,0
14,1,0
15,1,0
16,1,0
17,1,8
18,1,248
19,1,0
20,1,0
21,1,0
22,1,0
23,1,0
24,1,0
25,2,512
26,2,512
27,2,512
28,2,512
29,2,512
30,2,512
31,2,0
32,2,512
33,2,512
34,2,0
35,2,512
36,2,0
37,2,48
38,2,512
39,2,248
40,2,512
41,2,512
42,2,512
43,2,608
44,2,512
45,2,512
46,2,608
47,2,32
48,2,296
49,2,512
50,3,608
51,3,608
52,3,512
53,3,512
54,3,512
55,3,0
56,3,512
57,3,440
58,3,0
59,3,512
60,3,440
61,3,680
62,3,248
63,3,512
64,3,512
65,3,0
66,3,0
67,3,512
68,3,512
69,3,512
70,3,512
71,3,512
72,3,512
73,3,248
74,3,512
75,4,680
76,4,608
77,4,248
78,4,608
79,4,608
80,4,512
81,4,248
82,4,512
83,4,440
84,4,440
85,4,512
86,4,512
87,4,248
88,4,680
89,4,512
90,4,0
91,4,512
92,4,512
93,4,608
94,4,680
95,4,512
96,4,0
97,4,512
98,4,0
99,4,512
100,5,680
101,5,680
102,5,512
103,5,248
104,5,512
105,5,512
106,5,0
107,5,248
108,5,512
109,5,0
110,5,512
111,5,584
112,5,512
113,5,248
114,5,680
115,5,0
116,5,512
117,5,512
118,5,584
119,5,512
120,5,248
121,5,512
122,5,248
123,5,512
124,5,248
125,6,680
126,6,680
127,6,512
128,6,512
129,6,680
130,6,680
131,6,440
132,6,512
133,6,248
134,6,584
135,6,680
136,6,680
137,6,680
138,6,512
139,6,512
140,6,440
141,6,440
142,6,512
143,6,248
144,6,512
145,6,512
146,6,512
147,6,248
148,6,512
149,6,248
150,7,680
151,7,680
152,7,512
153,7,680
154,7,512
155,7,512
156,7,440
157,7,680
158,7,248
159,7,248
160,7,248
161,7,264
162,7,680
163,7,440
164,7,248
165,7,680
166,7,512
167,7,440
168,7,512
169,7,512
170,7,680
171,7,680
172,7,440
173,7,680
174,7,440
175,8,680
176,8,680
177,8,680
178,8,512
179,8,584
180,8,512
181,8,680
182,8,512
183,8,512
184,8,248
185,8,512
186,8,680
187,8,680
188,8,608
189,8,584
190,8,440
191,8,512
192,8,680
193,8,680
194,8,248
195,8,512
196,8,680
197,8,440
198,8,680
199,8,680
200,9,680
201,9,680
202,9,440
203,9,680
204,9,608
205,9,512
206,9,440
207,9,680
208,9,584
209,9,248
210,9,680
211,9,248
212,9,512
213,9,680
214,9,680
215,9,608
216,9,680
217,9,248
218,9,512
219,9,680
220,9,680
221,9,680
222,9,680
223,9,248
224,9,680
225,10,680
226,10,680
227,10,584
228,10,512
229,10,680
230,10,680
231,10,248
232,10,680
233,10,512
234,10,248
235,10,248
236,10,248
237,10,512
238,10,512
239,10,248
240,10,248
241,10,680
242,10,680
243,10,680
244,10,680
245,10,512
246,10,440
247,10,680
248,10,608
249,10,248
250,11,680
251,11,680
252,11,248
253,11,680
254,11,512
255,11,680
256,11,248
257,11,680
258,11,680
259,11,512
260,11,680
261,11,248
262,11,680
263,11,680
264,11,680
265,11,680
266,11,680
267,11,440
268,11,680
269,11,680
270,11,512
271,11,680
272,11,584
273,11,512
274,11,512
275,12,680
276,12,680
277,12,680
278,12,680
279,12,248
280,12,680
281,12,680
282,12,680
283,12,680
284,12,584
285,12,512
286,12,512
287,12,680
288,12,680
289,12,680
290,12,248
291,12,680
292,12,680
293,12,0
294,12,680
295,12,512
296,12,248
297,12,440
298,12,248
299,12,584
300,13,680
301,13,680
302,13,680
303,13,680
304,13,680
305,13,680
306,13,584
307,13,248
308,13,680
309,13,512
310,13,680
311,13,680
312,13,512
313,13,512
314,13,680
315,13,248
316,13,584
317,13,248
318,13,248
319,13,680
320,13,680
321,13,512
322,13,248
323,13,248
324,13,680
325,14,680
326,14,680
327,14,680
328,14,248
329,14,680
330,14,512
331,14,1448
332,14,248
333,14,680
334,14,248
335,14,680
336,14,0
337,14,512
338,14,512
339,14,680
340,14,248
341,14,680
342,14,248
343,14,680
344,14,680
345,14,608
346,14,584
347,14,248
348,14,512
349,14,512
350,15,1448
351,15,680
352,15,584
353,15,680
354,15,248
355,15,248
356,15,680
357,15,512
358,15,512
359,15,248
360,15,584
361,15,680
362,15,248
363,15,248
364,15,0
365,15,248
366,15,680
367,15,680
368,15,584
369,15,680
370,15,248
371,15,512
372,15,680
373,15,248
374,15,680
375,16,1448
376,16,680
377,16,248
378,16,512
379,16,248
380,16,512
381,16,248
382,16,0
383,16,1248
384,16,248
385,16,608
386,16,248
387,16,680
388,16,1248
389,16,248
390,16,512
391,16,248
392,16,680
393,16,584
394,16,248
395,16,512
396,16,680
397,16,680
398,16,0
399,16,680
400,17,1448
401,17,1248
402,17,248
403,17,1248
404,17,608
405,17,680
406,17,680
407,17,608
408,17,680
409,17,248
410,17,608
411,17,608
412,17,608
413,17,248
414,17,248
415,17,584
416,17,248
417,17,248
418,17,248
419,17,248
420,17,584
421,17,512
422,17,1448
423,17,1448
424,17,584
425,18,1448
426,18,1448
427,18,680
428,18,248
429,18,1248
430,18,608
431,18,584
432,18,1448
433,18,1248
434,18,584
435,18,248
436,18,608
437,18,680
438,18,1448
439,18,680
440,18,584
441,18,512
442,18,584
443,18,1248
444,18,608
445,18,1448
446,18,584
447,18,1448
448,18,248
449,18,512
450,19,1448
451,19,1448
452,19,1448
453,19,584
454,19,1448
455,19,1448
456,19,1448
457,19,248
458,19,584
459,19,1448
460,19,1248
461,19,1448
462,19,1448
463,19,1248
464,19,1248
465,19,1248
466,19,1248
467,19,680
468,19,608
469,19,512
470,19,608
471,19,680
472,19,1448
473,19,248
474,19,584
475,20,1448
476,20,1448
477,20,512
478,20,1448
479,20,1448
480,20,608
481,20,1248
482,20,1248
483,20,1248
484,20,608
485,20,1248
486,20,1248
487,20,1448
488,20,1248
489,20,1448
490,20,1448
491,20,680
492,20,1248
493,20,584
494,20,584
495,20,584
496,20,1448
497,20,584
498,20,1248
499,20,1448
500,21,1448
501,21,1448
502,21,680
503,21,584
504,21,1448
505,21,608
506,21,608
507,21,1448
508,21,1448
509,21,680
510,21,1248
511,21,1248
512,21,1448
513,21,1448
514,21,608
515,21,1248
516,21,1248
517,21,1448
518,21,608
519,21,1248
520,21,1448
521,21,680
522,21,1248
523,21,1248
524,21,608
525,22,1448
526,22,1448
527,22,1248
528,22,1448
529,22,1448
530,22,680
531,22,1448
532,22,680
533,22,1448
534,22,608
535,22,1448
536,22,608
537,22,1448
538,22,1248
539,22,1448
540,22,1248
541,22,608
542,22,1248
543,22,608
544,22,1248
545,22,608
546,22,680
547,22,584
548,22,1448
549,22,1448
550,23,1448
551,23,1448
552,23,1248
553,23,584
554,23,1448
555,23,1448
556,23,608
557,23,1448
558,23,512
559,23,512
560,23,1248
561,23,608
562,23,1448
563,23,584
564,23,1248
565,23,1448
566,23,608
567,23,680
568,23,1448
569,23,608
570,23,1248
571,23,1448
572,23,584
573,23,1248
574,23,512
575,24,1448
576,24,1448
577,24,1448
578,24,1448
579,24,1448
580,24,1448
581,24,1448
582,24,1248
583,24,248
584,24,1248
585,24,608
586,24,1448
587,24,608
588,24,1248
589,24,1448
590,24,248
591,24,512
592,24,1448
593,24,512
594,24,584
595,24,1248
596,24,512
597,24,1448
598,24,680
599,24,1448
600,25,1448
601,25,1448
602,25,608
603,25,1248
604,25,1248
605,25,584
606,25,1248
607,25,1448
608,25,1448
609,25,1448
610,25,608
611,25,680
612,25,584
613,25,680
614,25,1448
615,25,1448
616,25,1448
617,25,1248
618,25,608
619,25,584
620,25,1248
621,25,1448
622,25,512
623,25,1448
624,25,584
625,26,1448
626,26,1448
627,26,1448
628,26,1448
629,26,1448
630,26,680
631,26,248
632,26,1448
633,26,512
634,26,608
635,26,608
636,26,1248
637,26,1248
638,26,512
639,26,608
640,26,512
641,26,608
642,26,1448
643,26,680
644,26,1248
645,26,1448
646,26,608
647,26,1248
648,26,1448
649,26,1448
650,27,1448
651,27,1448
652,27,1448
653,27,1448
654,27,584
655,27,1448
656,27,680
657,27,1248
658,27,512
659,27,248
660,27,608
661,27,1248
662,27,608
663,27,608
664,27,608
665,27,1448
666,27,608
667,27,1448
668,27,1448
669,27,584
670,27,608
671,27,1448
672,27,1448
673,27,680
674,27,512
675,28,1448
676,28,1448
677,28,1248
678,28,1448
679,28,1448
680,28,608
681,28,608
682,28,248
683,28,608
684,28,512
685,28,584
686,28,1448
687,28,608
688,28,1248
689,28,584
690,28,608
691,28,608
692,28,1448
693,28,1248
694,28,608
695,28,1448
696,28,1248
697,28,1448
698,28,680
699,28,1448
700,29,1448
701,29,1448
702,29,1248
703,29,512
704,29,1248
705,29,608
706,29,1248
707,29,512
708,29,1248
709,29,584
710,29,608
711,29,1448
712,29,1448
713,29,1248
714,29,680
715,29,1448
716,29,608
717,29,1448
718,29,584
719,29,584
720,29,1448
721,29,608
722,29,248
723,29,1248
724,29,1448
725,30,1448
726,30,1448
727,30,1248
728,30,584
729,30,1248
730,30,1448
731,30,608
732,30,680
733,30,248
734,30,1448
735,30,1448
736,30,584
737,30,1448
738,30,1448
739,30,1448
740,30,1248
741,30,1248
742,30,680
743,30,608
744,30,1448
745,30,1448
746,30,1448
747,30,584
748,30,248
749,30,1448
750,31,1448
751,31,1448
752,31,1448
753,31,1248
754,31,608
755,31,608
756,31,1448
757,31,1248
758,31,680
759,31,1448
760,31,1448
761,31,1248
762,31,1448
763,31,1248
764,31,1448
765,31,1248
766,31,1448
767,31,1248
768,31,1248
769,31,1248
770,31,1248
771,31,1448
772,31,608
773,31,1248
774,31,1448
775,32,1448
776,32,1448
777,32,248
778,32,1248
779,32,512
780,32,608
781,32,608
782,32,608
783,32,1448
784,32,1448
785,32,608
786,32,1448
787,32,1248
788,32,680
789,32,608
790,32,680
791,32,608
792,32,680
793,32,1248
794,32,608
795,32,1248
796,32,1448
797,32,1248
798,32,1448
799,32,1248
800,33,1448
801,33,1448
802,33,1248
803,33,608
804,33,1448
805,33,1448
806,33,1248
807,33,1448
808,33,1448
809,33,1248
810,33,1448
811,33,680
812,33,1448
813,33,584
814,33,608
815,33,1448
816,33,680
817,33,1448
818,33,608
819,33,1448
820,33,1448
821,33,1248
822,33,608
823,33,512
824,33,608
825,34,1448
826,34,1448
827,34,1248
828,34,1248
829,34,1448
830,34,512
831,34,1248
832,34,584
833,34,608
834,34,1448
835,34,1448
836,34,608
837,34,584
838,34,680
839,34,248
840,34,1248
841,34,1448
842,34,1248
843,34,608
844,34,1448
845,34,608
846,34,1448
847,34,1448
848,34,584
849,34,680
850,35,1448
851,35,1448
852,35,608
853,35,512
854,35,1248
855,35,1448
856,35,1248
857,35,608
858,35,680
859,35,1448
860,35,608
861,35,1248
862,35,608
863,35,1248
864,35,1248
865,35,608
866,35,1248
867,35,608
868,35,1248
869,35,608
870,35,512
871,35,1448
872,35,512
873,35,680
874,35,584
875,36,1448
876,36,1448
877,36,584
878,36,680
879,36,608
880,36,608
881,36,1248
882,36,584
883,36,584
884,36,608
885,36,608
886,36,1448
887,36,1448
888,36,1248
889,36,1448
890,36,1248
891,36,608
892,36,1248
893,36,1248
894,36,608
895,36,1248
896,36,1448
897,36,0
898,36,608
899,36,1448
900,37,1448
901,37,1448
902,37,248
903,37,608
904,37,584
905,37,608
906,37,608
907,37,248
908,37,1248
909,37,608
910,37,1248
911,37,608
912,37,608
913,37,584
914,37,608
915,37,248
916,37,1248
917,37,680
918,37,1448
919,37,512
920,37,1448
921,37,1248
922,37,608
923,37,584
924,37,608
925,38,1448
926,38,1448
927,38,1248
928,38,1248
929,38,608
930,38,512
931,38,512
932,38,608
933,38,608
934,38,1248
935,38,1448
936,38,608
937,38,608
938,38,608
939,38,248
940,38,608
941,38,608
942,38,1248
943,38,1448
944,38,1448
945,38,1248
946,38,248
947,38,1448
948,38,584
949,38,1448
950,39,1448
951,39,1448
952,39,584
953,39,1448
954,39,1248
955,39,512
956,39,680
957,39,1448
958,39,680
959,39,608
960,39,1448
961,39,1448
962,39,1448
963,39,1248
964,39,680
965,39,680
966,39,1448
967,39,1448
968,39,584
969,39,1448
970,39,1448
971,39,1448
972,39,584
973,39,680
974,39,1448
975,40,1448
976,40,1448
977,40,584
978,40,1448
979,40,584
980,40,1248
981,40,1448
982,40,1248
983,40,512
984,40,1448
985,40,1248
986,40,1448
987,40,1248
988,40,608
989,40,1248
990,40,608
991,40,1448
992,40,1448
993,40,1448
994,40,1448
995,40,1448
996,40,1248
997,40,1248
998,40,680
999,40,248
1000,41,1448
1001,41,1448
1002,41,1448
1003,41,584
1004,41,1448
1005,41,584
1006,41,1248
1007,41,1448
1008,41,584
1009,41,1448
1010,41,608
1011,41,1448
1012,41,680
1013,41,1248
1014,41,1248
1015,41,1448
1016,41,1248
1017,41,1448
1018,41,608
1019,41,680
1020,41,1248
1021,41,1448
1022,41,680
1023,41,1448
1024,41,512
1025,42,1448
1026,42,1448
1027,42,608
1028,42,608
1029,42,512
1030,42,584
1031,42,608
1032,42,680
1033,42,1448
1034,42,608
1035,42,1248
1036,42,1448
1037,42,608
1038,42,680
1039,42,440
1040,42,1448
1041,42,584
1042,42,1448
1043,42,584
1044,42,1448
1045,42,1448
1046,42,608
1047,42,680
1048,42,608
1049,42,1248
1050,43,1448
1051,43,1448
1052,43,512
1053,43,1448
1054,43,1248
1055,43,608
1056,43,1448
1057,43,1448
1058,43,1448
1059,43,608
1060,43,1248
1061,43,1448
1062,43,584
1063,43,584
1064,43,608
1065,43,1448
1066,43,1248
1067,43,1448
1068,43,608
1069,43,1448
1070,43,680
1071,43,1448
1072,43,1248
1073,43,1448
1074,43,1448
1075,44,1448
1076,44,1448
1077,44,680
1078,44,608
1079,44,1448
1080,44,1448
1081,44,608
1082,44,608
1083,44,1248
1084,44,680
1085,44,1248
1086,44,584
1087,44,1448
1088,44,608
1089,44,608
1090,44,608
1091,44,608
1092,44,584
1093,44,584
1094,44,1448
1095,44,1248
1096,44,1448
1097,44,512
1098,44,1248
1099,44,1448
1100,45,1448
1101,45,1448
1102,45,608
1103,45,1248
1104,45,608
1105,45,1448
1106,45,1448
1107,45,1448
1108,45,1248
1109,45,1248
1110,45,1248
1111,45,680
1112,45,1448
1113,45,1248
1114,45,608
1115,45,1448
1116,45,1448
1117,45,584
1118,45,512
1119,45,1448
1120,45,1248
1121,45,512
1122,45,584
1123,45,608
1124,45,1448
1125,46,1448
1126,46,1448
1127,46,1448
1128,46,1448
1129,46,1248
1130,46,608
1131,46,680
1132,46,1448
1133,46,1248
1134,46,1248
1135,46,608
1136,46,1248
1137,46,584
1138,46,1248
1139,46,1248
1140,46,1248
1141,46,1448
1142,46,1248
1143,46,1448
1144,46,1248
1145,46,1448
1146,46,1448
1147,46,1248
1148,46,1448
1149,46,1248
1150,47,1448
1151,47,1448
1152,47,608
1153,47,584
1154,47,1248
1155,47,1248
1156,47,1248
1157,47,512
1158,47,584
1159,47,680
1160,47,1448
1161,47,1248
1162,47,1448
1163,47,1448
1164,47,1448
1165,47,1248
1166,47,512
1167,47,608
1168,47,584
1169,47,1448
1170,47,1448
1171,47,248
1172,47,680
1173,47,1448
1174,47,608
1175,48,1448
1176,48,1448
1177,48,1448
1178,48,512
1179,48,1248
1180,48,608
1181,48,248
1182,48,1448
1183,48,1448
1184,48,680
1185,48,512
1186,48,1248
1187,48,1448
1188,48,1248
1189,48,1448
1190,48,1448
1191,48,1448
1192,48,608
1193,48,248
1194,48,584
1195,48,584
1196,48,1448
1197,48,584
1198,48,608
1199,48,608
1200,49,1448
1201,49,1448
1202,49,1248
1203,49,608
1204,49,608
1205,49,1448
1206,49,1248
1207,49,1248
1208,49,1448
1209,49,584
1210,49,1448
1211,49,1448
1212,49,584
1213,49,1248
1214,49,1448
1215,49,1448
1216,49,1248
1217,49,1448
1218,49,608
1219,49,1248
1220,49,1448
1221,49,1448
1222,49,1248
1223,49,248
1224,49,0
1225,50,1448
1226,50,1448
1227,50,1448
1228,50,512
1229,50,608
1230,50,608
1231,50,680
1232,50,1448
1233,50,1448
1234,50,1448
1235,50,1248
1236,50,1248
1237,50,1248
1238,50,1448
1239,50,1448
1240,50,1448
1241,50,1248
1242,50,1448
1243,50,608
1244,50,608
1245,50,1448
1246,50,584
1247,50,1448
1248,50,1448
1249,50,608
1250,51,1448
1251,51,1448
1252,51,248
1253,51,1248
1254,51,1448
1255,51,680
1256,51,608
1257,51,248
1258,51,1448
1259,51,608
1260,51,1448
1261,51,1448
1262,51,584
1263,51,1248
1264,51,1248
1265,51,584
1266,51,608
1267,51,1248
1268,51,1448
1269,51,1248
1270,51,1448
1271,51,608
1272,51,608
1273,51,1448
1274,51,1448
1275,52,1448
1276,52,1448
1277,52,680
1278,52,1448
1279,52,1448
1280,52,1248
1281,52,680
1282,52,1248
1283,52,1448
1284,52,1248
1285,52,608
1286,52,608
1287,52,608
1288,52,1248
1289,52,680
1290,52,1248
1291,52,584
1292,52,1448
1293,52,1448
1294,52,608
1295,52,1448
1296,52,1448
1297,52,1448
1298,52,1448
1299,52,1448
1300,53,1448
1301,53,1448
1302,53,1248
1303,53,1248
1304,53,1448
1305,53,1448
1306,53,608
1307,53,512
1308,53,512
1309,53,1248
1310,53,512
1311,53,1448
1312,53,1248
1313,53,1248
1314,53,1248
1315,53,1248
1316,53,1448
1317,53,1448
1318,53,608
1319,53,512
1320,53,608
1321,53,608
1322,53,1248
1323,53,1448
1324,53,608
1325,54,1448
1326,54,1448
1327,54,584
1328,54,512
1329,54,1448
1330,54,608
1331,54,680
1332,54,608
1333,54,608
1334,54,1448
1335,54,1248
1336,54,584
1337,54,1248
1338,54,1448
1339,54,1248
1340,54,584
1341,54,1448
1342,54,1248
1343,54,608
1344,54,1448
1345,54,608
1346,54,608
1347,54,608
1348,54,1248
1349,54,1448
1350,55,1448
1351,55,1448
1352,55,1448
1353,55,608
1354,55,608
1355,55,584
1356,55,1448
1357,55,680
1358,55,1248
1359,55,1448
1360,55,1448
1361,55,608
1362,55,1448
1363,55,1248
1364,55,1448
1365,55,1448
1366,55,1448
1367,55,584
1368,55,608
1369,55,608
1370,55,680
1371,55,608
1372,55,680
1373,55,1448
1374,55,1448
1375,56,1448
1376,56,1448
1377,56,1448
1378,56,1248
1379,56,1248
1380,56,1448
1381,56,1248
1382,56,680
1383,56,680
1384,56,1448
1385,56,1248
1386,56,608
1387,56,1448
1388,56,1448
1389,56,608
1390,56,248
1391,56,512
1392,56,1248
1393,56,608
1394,56,1248
1395,56,1448
1396,56,1248
1397,56,1248
1398,56,584
1399,56,608
1400,57,1448
1401,57,1448
1402,57,608
1403,57,608
1404,57,1248
1405,57,1248
1406,57,512
1407,57,1248
1408,57,1448
1409,57,608
1410,57,584
1411,57,608
1412,57,512
1413,57,1248
1414,57,1248
1415,57,680
1416,57,608
1417,57,1248
1418,57,1448
1419,57,680
1420,57,608
1421,57,608
1422,57,1248
1423,57,1448
1424,57,1448
1425,58,1448
1426,58,1448
1427,58,1448
1428,58,1448
1429,58,608
1430,58,1248
1431,58,1448
1432,58,1248
1433,58,1448
1434,58,1248
1435,58,1248
1436,58,1448
1437,58,680
1438,58,584
1439,58,1448
1440,58,248
1441,58,1448
1442,58,680
1443,58,1448
1444,58,1448
1445,58,608
1446,58,680
1447,58,680
1448,58,608
1449,58,1248
1450,59,1448
1451,59,1448
1452,59,608
1453,59,1248
1454,59,608
1455,59,680
1456,59,1448
1457,59,608
1458,59,1248
1459,59,608
1460,59,1248
1461,59,1448
1462,59,512
1463,59,608
1464,59,1448
1465,59,1448
1466,59,512
1467,59,1448
1468,59,1248
1469,59,608
1470,59,1248
1471,59,680
1472,59,680
1473,59,1448
1474,59,1448
1475,60,1448
1476,60,1448
1477,60,1448
1478,60,1448
1479,60,1248
1480,60,680
1481,60,608
1482,60,1248
1483,60,680
1484,60,608
1485,60,608
1486,60,1248
1487,60,608
1488,60,1248
1489,60,608
1490,60,1448
1491,60,680
1492,60,1448
1493,60,608
1494,60,608
1495,60,1448
1496,60,680
1497,60,1248
1498,60,680
1499,60,1448
1500,61,1448
1501,61,1448
1502,61,1448
1503,61,680
1504,61,1248
1505,61,584
1506,61,1248
1507,61,584
1508,61,680
1509,61,608
1510,61,1448
1511,61,1248
1512,61,512
1513,61,1448
1514,61,1448
1515,61,584
1516,61,1248
1517,61,608
1518,61,1448
1519,61,1448
1520,61,512
1521,61,680
1522,61,1448
1523,61,608
1524,61,512
1525,62,1448
1526,62,1448
1527,62,1448
1528,62,680
1529,62,1248
1530,62,1448
1531,62,1448
1532,62,1448
1533,62,1248
1534,62,1448
1535,62,1248
1536,62,1248
1537,62,608
1538,62,608
1539,62,1448
1540,62,1448
1541,62,1448
1542,62,608
1543,62,1448
1544,62,1448
1545,62,584
1546,62,1248
1547,62,248
1548,62,680
1549,62,512
1550,63,1448
1551,63,1448
1552,63,1448
1553,63,1248
1554,63,608
1555,63,608
1556,63,1448
1557,63,1448
1558,63,1448
1559,63,680
1560,63,512
1561,63,1448
1562,63,1448
1563,63,680
1564,63,1448
1565,63,584
1566,63,608
1567,63,608
1568,63,1248
1569,63,1448
1570,63,1248
1571,63,1248
1572,63,608
1573,63,1448
1574,63,248
1575,64,1448
1576,64,1448
1577,64,512
1578,64,1248
1579,64,248
1580,64,1248
1581,64,584
1582,64,248
1583,64,680
1584,64,1448
1585,64,608
1586,64,1448
1587,64,1248
1588,64,608
1589,64,1448
1590,64,512
1591,64,1448
1592,64,680
1593,64,608
1594,64,1248
1595,64,1448
1596,64,608
1597,64,1448
1598,64,608
1599,64,608
1600,65,1448
1601,65,1448
1602,65,1448
1603,65,608
1604,65,1448
1605,65,1448
1606,65,608
1607,65,1248
1608,65,608
1609,65,608
1610,65,1448
1611,65,584
1612,65,1448
1613,65,608
1614,65,512
1615,65,680
1616,65,1448
1617,65,1448
1618,65,1248
1619,65,608
1620,65,1448
1621,65,608
1622,65,512
1623,65,512
1624,65,680
1625,66,1448
1626,66,1448
1627,66,680
1628,66,608
1629,66,512
1630,66,584
1631,66,680
1632,66,1448
1633,66,608
1634,66,512
1635,66,1248
1636,66,512
1637,66,608
1638,66,608
1639,66,1248
1640,66,608
1641,66,1448
1642,66,1448
1643,66,512
1644,66,1248
1645,66,584
1646,66,608
1647,66,584
1648,66,1248
1649,66,584
1650,67,1448
1651,67,1448
1652,67,608
1653,67,1248
1654,67,1248
1655,67,608
1656,67,1248
1657,67,608
1658,67,1448
1659,67,1448
1660,67,1248
1661,67,608
1662,67,512
1663,67,608
1664,67,1248
1665,67,1448
1666,67,1448
1667,67,608
1668,67,1448
1669,67,512
1670,67,608
1671,67,1248
1672,67,608
1673,67,1448
1674,67,608
1675,68,1448
1676,68,1448
1677,68,1448
1678,68,512
1679,68,680
1680,68,1248
1681,68,608
1682,68,1448
1683,68,1448
1684,68,1248
1685,68,1448
1686,68,608
1687,68,680
1688,68,680
1689,68,1248
1690,68,1448
1691,68,608
1692,68,1248
1693,68,1448
1694,68,1248
1695,68,512
1696,68,680
1697,68,1448
1698,68,512
1699,68,1448
1700,69,1448
1701,69,1448
1702,69,1248
1703,69,608
1704,69,1248
1705,69,680
1706,69,608
1707,69,608
1708,69,608
1709,69,1448
1710,69,1448
1711,69,1248
1712,69,1248
1713,69,1448
1714,69,584
1715,69,680
1716,69,608
1717,69,1448
1718,69,608
1719,69,680
1720,69,1448
1721,69,1248
1722,69,1248
1723,69,1448
1724,69,1248
1725,70,1448
1726,70,1448
1727,70,584
1728,70,1448
1729,70,1448
1730,70,1448
1731,70,680
1732,70,608
1733,70,608
1734,70,608
1735,70,1248
1736,70,1448
1737,70,1448
1738,70,1248
1739,70,1248
1740,70,1248
1741,70,1448
1742,70,1448
1743,70,1248
1744,70,1248
1745,70,1448
1746,70,1448
1747,70,1448
1748,70,1248
1749,70,1448
1750,71,1448
1751,71,1448
1752,71,248
1753,71,1248
1754,71,1448
1755,71,1448
1756,71,680
1757,71,608
1758,71,512
1759,71,608
1760,71,608
1761,71,1448
1762,71,1248
1763,71,1448
1764,71,608
1765,71,1448
1766,71,1448
1767,71,1448
1768,71,1248
1769,71,1448
1770,71,1448
1771,71,1448
1772,71,1248
1773,71,680
1774,71,608
1775,72,1448
1776,72,1448
1777,72,1448
1778,72,584
1779,72,1448
1780,72,1448
1781,72,1248
1782,72,608
1783,72,1448
1784,72,608
1785,72,512
1786,72,608
1787,72,584
1788,72,608
1789,72,608
1790,72,608
1791,72,1448
1792,72,1248
1793,72,1248
1794,72,1248
1795,72,608
1796,72,1248
1797,72,1248
1798,72,680
1799,72,1248
1800,73,1448
1801,73,1448
1802,73,1448
1803,73,608
1804,73,1248
1805,73,1448
1806,73,1248
1807,73,1448
1808,73,1448
1809,73,1448
1810,73,608
1811,73,1448
1812,73,1448
1813,73,608
1814,73,1448
1815,73,1248
1816,73,1448
1817,73,1448
1818,73,1448
1819,73,1448
1820,73,1448
1821,73,1448
1822,73,584
1823,73,584
1824,73,608
1825,74,1448
1826,74,1448
1827,74,608
1828,74,608
1829,74,608
1830,74,1448
1831,74,1448
1832,74,1448
1833,74,584
1834,74,584
1835,74,1448
1836,74,1248
1837,74,1448
1838,74,1448
1839,74,584
1840,74,680
1841,74,248
1842,74,608
1843,74,1448
1844,74,1248
1845,74,512
1846,74,1448
1847,74,1248
1848,74,248
1849,74,1448
1850,75,1448
1851,75,1448
1852,75,608
1853,75,608
1854,75,608
1855,75,608
1856,75,1248
1857,75,680
1858,75,1248
1859,75,1448
1860,75,248
1861,75,1448
1862,75,1248
1863,75,584
1864,75,1248
1865,75,512
1866,75,608
1867,75,1448
1868,75,608
1869,75,1248
1870,75,1448
1871,75,1448
1872,75,1248
1873,75,1448
1874,75,608
1875,76,1448
1876,76,1448
1877,76,1248
1878,76,608
1879,76,584
1880,76,680
1881,76,584
1882,76,608
1883,76,1248
1884,76,1448
1885,76,680
1886,76,608
1887,76,1248
1888,76,1448
1889,76,1448
1890,76,680
1891,76,1448
1892,76,1248
1893,76,1248
1894,76,608
1895,76,1448
1896,76,1448
1897,76,248
1898,76,584
1899,76,1248
1900,77,1448
1901,77,1448
1902,77,1448
1903,77,1448
1904,77,1248
1905,77,1448
1906,77,1448
1907,77,512
1908,77,1448
1909,77,1248
1910,77,1448
1911,77,680
1912,77,1248
1913,77,1448
1914,77,1248
1915,77,608
1916,77,248
1917,77,1448
1918,77,680
1919,77,1448
1920,77,1448
1921,77,248
1922,77,1448
1923,77,1448
1924,77,584
1925,78,1448
1926,78,1448
1927,78,608
1928,78,584
1929,78,1448
1930,78,680
1931,78,248
1932,78,608
1933,78,1448
1934,78,1448
1935,78,608
1936,78,608
1937,78,680
1938,78,608
1939,78,248
1940,78,1248
1941,78,608
1942,78,1248
1943,78,1248
1944,78,1448
1945,78,608
1946,78,608
1947,78,608
1948,78,680
1949,78,680
1950,79,1448
1951,79,1448
1952,79,1448
1953,79,608
1954,79,1448
1955,79,608
1956,79,680
1957,79,1248
1958,79,1248
1959,79,1248
1960,79,1448
1961,79,680
1962,79,1448
1963,79,680
1964,79,608
1965,79,608
1966,79,1248
1967,79,1448
1968,79,1248
1969,79,1248
1970,79,1448
1971,79,680
1972,79,1448
1973,79,680
1974,79,1448
1975,80,1448
1976,80,1448
1977,80,584
1978,80,1448
1979,80,608
1980,80,1248
1981,80,1448
1982,80,1448
1983,80,1448
1984,80,512
1985,80,608
1986,80,608
1987,80,680
1988,80,1248
1989,80,248
1990,80,1448
1991,80,608
1992,80,1248
1993,80,584
1994,80,248
1995,80,1248
1996,80,608
1997,80,1448
1998,80,1448
1999,80,1448
2000,81,1448
2001,81,1448
2002,81,1448
2003,81,1248
2004,81,608
2005,81,1448
2006,81,1448
2007,81,1448
2008,81,1248
2009,81,680
2010,81,680
2011,81,512
2012,81,584
2013,81,1448
2014,81,1448
2015,81,608
2016,81,512
2017,81,1448
2018,81,512
2019,81,608
2020,81,1448
2021,81,608
2022,81,1448
2023,81,1248
2024,81,1448
2025,82,1448
2026,82,1448
2027,82,1448
2028,82,608
2029,82,1248
2030,82,1448
2031,82,1248
2032,82,1248
2033,82,1248
2034,82,1448
2035,82,248
2036,82,1448
2037,82,608
2038,82,1248
2039,82,680
2040,82,512
2041,82,512
2042,82,608
2043,82,1248
2044,82,608
2045,82,680
2046,82,1448
2047,82,1448
2048,82,680
2049,82,1448
2050,83,1448
2051,83,1448
2052,83,1448
2053,83,1248
2054,83,680
2055,83,608
2056,83,608
2057,83,608
2058,83,1248
2059,83,1448
2060,83,1448
2061,83,1448
2062,83,1448
2063,83,512
2064,83,1248
2065,83,1448
2066,83,1448
2067,83,608
2068,83,608
2069,83,1248
2070,83,1248
2071,83,1448
2072,83,1248
2073,83,1448
2074,83,1248
2075,84,1448
2076,84,1448
2077,84,680
2078,84,1448
2079,84,608
2080,84,608
2081,84,1248
2082,84,1448
2083,84,608
2084,84,1448
2085,84,1248
2086,84,1248
2087,84,680
2088,84,584
2089,84,1448
2090,84,1248
2091,84,512
2092,84,1448
2093,84,248
2094,84,608
2095,84,1448
2096,84,584
2097,84,1448
2098,84,608
2099,84,1248
2100,85,1448
2101,85,1448
2102,85,1248
2103,85,248
2104,85,1448
2105,85,608
2106,85,1248
2107,85,1448
2108,85,680
2109,85,1448
2110,85,512
2111,85,1248
2112,85,512
2113,85,1248
2114,85,1448
2115,85,1448
2116,85,608
2117,85,512
2118,85,1248
2119,85,608
2120,85,1448
2121,85,584
2122,85,1448
2123,85,1248
2124,85,608
2125,86,1448
2126,86,1448
2127,86,584
2128,86,1248
2129,86,1248
2130,86,608
2131,86,1448
2132,86,1248
2133,86,248
2134,86,1448
2135,86,1448
2136,86,1448
2137,86,1448
2138,86,512
2139,86,1248
2140,86,1248
2141,86,680
2142,86,608
2143,86,1448
2144,86,1448
2145,86,1448
2146,86,608
2147,86,608
2148,86,584
2149,86,1448
2150,87,1448
2151,87,1448
2152,87,1248
2153,87,512
2154,87,1248
2155,87,1448
2156,87,1448
2157,87,1448
2158,87,1448
2159,87,680
2160,87,608
2161,87,608
2162,87,1248
2163,87,584
2164,87,608
2165,87,1448
2166,87,680
2167,87,608
2168,87,1248
2169,87,1448
2170,87,1448
2171,87,1448
2172,87,608
2173,87,584
2174,87,608
2175,88,1448
2176,88,1448
2177,88,1448
2178,88,512
2179,88,608
2180,88,608
2181,88,1448
2182,88,1448
2183,88,1248
2184,88,608
2185,88,1248
2186,88,1448
2187,88,1448
2188,88,1248
2189,88,1448
2190,88,1448
2191,88,584
2192,88,1448
2193,88,608
2194,88,584
2195,88,1448
2196,88,1448
2197,88,1448
2198,88,1448
2199,88,1248
2200,89,1448
2201,89,1448
2202,89,680
2203,89,1248
2204,89,1448
2205,89,608
2206,89,512
2207,89,1248
2208,89,1448
2209,89,608
2210,89,584
2211,89,512
2212,89,1448
2213,89,1448
2214,89,680
2215,89,1448
2216,89,608
2217,89,1448
2218,89,584
2219,89,1448
2220,89,680
2221,89,584
2222,89,1248
2223,89,1448
2224,89,1248
2225,90,1448
2226,90,1448
2227,90,1448
2228,90,1248
2229,90,1448
2230,90,1448
2231,90,1248
2232,90,1448
2233,90,512
2234,90,1448
2235,90,608
2236,90,608
2237,90,1448
2238,90,608
2239,90,1448
2240,90,1448
2241,90,608
2242,90,1248
2243,90,512
2244,90,1448
2245,90,1448
2246,90,1248
2247,90,608
2248,90,608
2249,90,512
2250,91,1448
2251,91,1448
2252,91,1448
2253,91,680
2254,91,584
2255,91,248
2256,91,1448
2257,91,1448
2258,91,1248
2259,91,1448
2260,91,512
2261,91,1248
2262,91,608
2263,91,608
2264,91,512
2265,91,1248
2266,91,1448
2267,91,1448
2268,91,608
2269,91,248
2270,91,1448
2271,91,1248
2272,91,680
2273,91,1448
2274,91,608
2275,92,1448
2276,92,1448
2277,92,680
2278,92,608
2279,92,1248
2280,92,584
2281,92,1248
2282,92,1448
2283,92,1448
2284,92,1248
2285,92,1248
2286,92,1448
2287,92,584
2288,92,1448
2289,92,608
2290,92,1448
2291,92,1248
2292,92,512
2293,92,512
2294,92,1448
2295,92,608
2296,92,1448
2297,92,248
2298,92,1248
2299,92,1248
2300,93,1448
2301,93,1448
2302,93,608
2303,93,1248
2304,93,1248
2305,93,1448
2306,93,680
2307,93,608
2308,93,608
2309,93,1448
2310,93,1448
2311,93,584
2312,93,1248
2313,93,1448
2314,93,1248
2315,93,1248
2316,93,1248
2317,93,608
2318,93,1248
2319,93,1248
2320,93,1448
2321,93,1248
2322,93,1248
2323,93,1448
2324,93,1248
2325,94,1448
2326,94,1448
2327,94,1448
2328,94,608
2329,94,1248
2330,94,1248
2331,94,1248
2332,94,1448
2333,94,1448
2334,94,1248
2335,94,584
2336,94,1448
2337,94,1448
2338,94,1448
2339,94,1248
2340,94,608
2341,94,248
2342,94,1248
2343,94,512
2344,94,512
2345,94,608
2346,94,1248
2347,94,1448
2348,94,1448
2349,94,1448
2350,95,1448
2351,95,1448
2352,95,512
2353,95,1448
2354,95,1248
2355,95,512
2356,95,608
2357,95,1248
2358,95,608
2359,95,608
2360,95,1448
2361,95,1448
2362,95,1248
2363,95,680
2364,95,1248
2365,95,512
2366,95,608
2367,95,680
2368,95,1448
2369,95,1248
2370,95,608
2371,95,1448
2372,95,1248
2373,95,1448
2374,95,1448
2375,96,1448
2376,96,1448
2377,96,1248
2378,96,1448
2379,96,1448
2380,96,1448
2381,96,1448
2382,96,608
2383,96,1248
2384,96,512
2385,96,680
2386,96,1448
2387,96,1248
2388,96,1248
2389,96,680
2390,96,1448
2391,96,608
2392,96,1248
2393,96,608
2394,96,680
2395,96,1248
2396,96,1448
2397,96,1448
2398,96,1248
2399,96,1248
2400,97,1448
2401,97,1448
2402,97,1248
2403,97,1248
2404,97,608
2405,97,1448
2406,97,608
2407,97,1248
2408,97,1248
2409,97,248
2410,97,1248
2411,97,1448
2412,97,1448
2413,97,608
2414,97,608
2415,97,1448
2416,97,584
2417,97,1448
2418,97,608
2419,97,512
2420,97,1448
2421,97,680
2422,97,1448
2423,97,1248
2424,97,584
2425,98,1448
2426,98,1448
2427,98,1448
2428,98,1448
2429,98,1448
2430,98,1248
2431,98,1248
2432,98,512
2433,98,1448
2434,98,680
2435,98,608
2436,98,1448
2437,98,1448
2438,98,1248
2439,98,584
2440,98,608
2441,98,1248
2442,98,584
2443,98,1248
2444,98,680
2445,98,1448
2446,98,1448
2447,98,608
2448,98,1448
2449,98,1248
2450,99,1448
2451,99,1448
2452,99,608
2453,99,1448
2454,99,248
2455,99,608
2456,99,1448
2457,99,1248
2458,99,680
2459,99,608
2460,99,1248
2461,99,248
2462,99,1248
2463,99,1448
2464,99,1448
2465,99,1248
2466,99,1248
2467,99,680
2468,99,1448
2469,99,1448
2470,99,1448
2471,99,1448
2472,99,512
2473,99,608
2474,99,1448
2475,100,1448
2476,100,1448
2477,100,1448
2478,100,1248
2479,100,1448
2480,100,584
2481,100,608
2482,100,1248
2483,100,1248
2484,100,608
2485,100,1248
2486,100,1448
2487,100,1448
2488,100,1248
2489,100,680
2490,100,1448
2491,100,1248
2492,100,1248
2493,100,1448
2494,100,1248
2495,100,512
2496,100,1448
2497,100,1248
2498,100,1448
2499,100,512
2500,101,1448
2501,101,1448
2502,101,608
2503,101,512
2504,101,512
2505,101,1248
2506,101,680
2507,101,1448
2508,101,512
2509,101,512
2510,101,248
2511,101,512
2512,101,680
2513,101,1448
2514,101,584
2515,101,680
2516,101,680
2517,101,1248
2518,101,1248
2519,101,584
2520,101,608
2521,101,608
2522,101,1248
2523,101,1248
2524,101,1448
2525,102,1448
2526,102,1448
2527,102,608
2528,102,1448
2529,102,1248
2530,102,1448
2531,102,1248
2532,102,584
2533,102,1448
2534,102,680
2535,102,608
2536,102,1248
2537,102,584
2538,102,608
2539,102,680
2540,102,680
2541,102,1248
2542,102,1248
2543,102,512
2544,102,1248
2545,102,1448
2546,102,608
2547,102,1448
2548,102,608
2549,102,1448
2550,103,1448
2551,103,1448
2552,103,608
2553,103,680
2554,103,1248
2555,103,680
2556,103,1448
2557,103,608
2558,103,584
2559,103,1448
2560,103,608
2561,103,1448
2562,103,1248
2563,103,1248
2564,103,608
2565,103,1448
2566,103,680
2567,103,1448
2568,103,1248
2569,103,680
2570,103,584
2571,103,1448
2572,103,680
2573,103,1448
2574,103,608
2575,104,1448
2576,104,1448
2577,104,248
2578,104,1448
2579,104,680
2580,104,512
2581,104,1448
2582,104,1448
2583,104,1448
2584,104,680
2585,104,680
2586,104,680
2587,104,1448
2588,104,680
2589,104,1248
2590,104,608
2591,104,608
2592,104,1448
2593,104,680
2594,104,1248
2595,104,1248
2596,104,512
2597,104,1248
2598,104,608
2599,104,248
2600,105,1448
2601,105,1448
2602,105,1448
2603,105,584
2604,105,1248
2605,105,1448
2606,105,512
2607,105,608
2608,105,1448
2609,105,680
2610,105,584
2611,105,1448
2612,105,1448
2613,105,584
2614,105,1248
2615,105,248
2616,105,1448
2617,105,680
2618,105,608
2619,105,1248
2620,105,1448
2621,105,584
2622,105,608
2623,105,584
2624,105,1248
2625,106,1448
2626,106,1448
2627,106,608
2628,106,1448
2629,106,608
2630,106,584
2631,106,608
2632,106,1248
2633,106,1248
2634,106,680
2635,106,1448
2636,106,608
2637,106,680
2638,106,584
2639,106,1448
2640,106,1248
2641,106,0
2642,106,1248
2643,106,584
2644,106,584
2645,106,1448
2646,106,1448
2647,106,608
2648,106,1448
2649,106,1248
2650,107,1448
2651,107,1448
2652,107,1248
2653,107,1448
2654,107,1448
2655,107,248
2656,107,1248
2657,107,608
2658,107,1248
2659,107,584
2660,107,1448
2661,107,680
2662,107,1248
2663,107,680
2664,107,608
2665,107,584
2666,107,608
2667,107,1448
2668,107,512
2669,107,1448
2670,107,1248
2671,107,608
2672,107,1248
2673,107,1448
2674,107,1448
2675,108,1448
2676,108,1448
2677,108,1248
2678,108,512
2679,108,1248
2680,108,608
2681,108,248
2682,108,1448
2683,108,1448
2684,108,608
2685,108,584
2686,108,608
2687,108,1448
2688,108,1248
2689,108,608
2690,108,608
2691,108,1448
2692,108,1248
2693,108,1248
2694,108,1448
2695,108,584
2696,108,1248
2697,108,1248
2698,108,1448
2699,108,608
2700,109,1448
2701,109,1448
2702,109,608
2703,109,608
2704,109,584
2705,109,1448
2706,109,1448
2707,109,1248
2708,109,1448
2709,109,1248
2710,109,1248
2711,109,1248
2712,109,608
2713,109,608
2714,109,512
2715,109,1248
2716,109,584
2717,109,1248
2718,109,1248
2719,109,1448
2720,109,1448
2721,109,1448
2722,109,1248
2723,109,608
2724,109,1248
2725,110,1448
2726,110,1448
2727,110,1248
2728,110,608
2729,110,1248
2730,110,1248
2731,110,1448
2732,110,1248
2733,110,1448
2734,110,1248
2735,110,512
2736,110,680
2737,110,1248
2738,110,1448
2739,110,1448
2740,110,512
2741,110,1248
2742,110,1248
2743,110,608
2744,110,608
2745,110,1248
2746,110,1248
2747,110,1448
2748,110,1448
2749,110,1448
2750,111,1448
2751,111,1448
2752,111,1448
2753,111,608
2754,111,1248
2755,111,1448
2756,111,1448
2757,111,1448
2758,111,512
2759,111,1448
2760,111,1248
2761,111,512
2762,111,584
2763,111,1248
2764,111,1248
2765,111,680
2766,111,1448
2767,111,1448
2768,111,608
2769,111,1448
2770,111,512
2771,111,1448
2772,111,584
2773,111,1448
2774,111,1448
2775,112,1448
2776,112,1448
2777,112,584
2778,112,1448
2779,112,608
2780,112,512
2781,112,608
2782,112,1248
2783,112,584
2784,112,1448
2785,112,1448
2786,112,1248
2787,112,1248
2788,112,608
2789,112,608
2790,112,1248
2791,112,680
2792,112,608
2793,112,248
2794,112,608
2795,112,1448
2796,112,248
2797,112,680
2798,112,608
2799,112,584
2800,113,1448
2801,113,1448
2802,113,1448
2803,113,512
2804,113,1448
2805,113,1448
2806,113,1448
2807,113,1448
2808,113,1248
2809,113,680
2810,113,1448
2811,113,584
2812,113,248
2813,113,1448
2814,113,1448
2815,113,248
2816,113,1248
2817,113,680
2818,113,512
2819,113,1448
2820,113,1248
2821,113,1248
2822,113,1448
2823,113,584
2824,113,1448
2825,114,1448
2826,114,1448
2827,114,680
2828,114,608
2829,114,1448
2830,114,248
2831,114,608
2832,114,1448
2833,114,1448
2834,114,680
2835,114,680
2836,114,608
2837,114,608
2838,114,512
2839,114,584
2840,114,1248
2841,114,1448
2842,114,608
2843,114,1448
2844,114,1448
2845,114,1448
2846,114,512
2847,114,608
2848,114,1448
2849,114,608
2850,115,1448
2851,115,1448
2852,115,1448
2853,115,1448
2854,115,1248
2855,115,512
2856,115,680
2857,115,1448
2858,115,1448
2859,115,1448
2860,115,1448
2861,115,1248
2862,115,680
2863,115,1448
2864,115,1448
2865,115,608
2866,115,1448
2867,115,1248
2868,115,1248
2869,115,1448
2870,115,1448
2871,115,1448
2872,115,608
2873,115,680
2874,115,1448
2875,116,1448
2876,116,1448
2877,116,1248
2878,116,680
2879,116,608
2880,116,1448
2881,116,1448
2882,116,680
2883,116,680
2884,116,680
2885,116,1448
2886,116,1248
2887,116,1448
2888,116,248
2889,116,1448
2890,116,1248
2891,116,608
2892,116,584
2893,116,1448
2894,116,1448
2895,116,680
2896,116,608
2897,116,608
2898,116,608
2899,116,1448
2900,117,1448
2901,117,1448
2902,117,1248
2903,117,1448
2904,117,1448
2905,117,608
2906,117,1448
2907,117,1248
2908,117,1448
2909,117,608
2910,117,584
2911,117,1448
2912,117,584
2913,117,1448
2914,117,1448
2915,117,1248
2916,117,512
2917,117,512
2918,117,248
2919,117,608
2920,117,680
2921,117,680
2922,117,608
2923,117,1448
2924,117,1448
2925,118,1448
2926,118,1448
2927,118,1448
2928,118,1248
2929,118,1248
2930,118,608
2931,118,608
2932,118,1448
2933,118,1448
2934,118,608
2935,118,1448
2936,118,1448
2937,118,584
2938,118,1448
2939,118,1448
2940,118,608
2941,118,584
2942,118,1448
2943,118,1448
2944,118,1448
2945,118,608
2946,118,608
2947,118,1248
2948,118,1248
2949,118,1248
2950,119,1448
2951,119,1448
2952,119,1248
2953,119,1448
2954,119,608
2955,119,608
2956,119,608
2957,119,608
2958,119,1248
2959,119,608
2960,119,584
2961,119,1248
2962,119,1448
2963,119,1248
2964,119,1448
2965,119,1248
2966,119,1248
2967,119,1448
2968,119,1448
2969,119,512
2970,119,608
2971,119,1248
2972,119,608
2973,119,608
2974,119,584
2975,120,1448
2976,120,1448
2977,120,680
2978,120,1448
2979,120,1448
2980,120,584
2981,120,1248
2982,120,608
2983,120,1448
2984,120,608
2985,120,608
2986,120,1448
2987,120,1448
2988,120,1248
2989,120,608
2990,120,608
2991,120,1248
2992,120,1448
2993,120,608
2994,120,1448
2995,120,1448
2996,120,608
2997,120,512
2998,120,1448
2999,120,608
3000,121,1448
3001,121,1448
3002,121,1448
3003,121,608
3004,121,608
3005,121,1248
3006,121,512
3007,121,1248
3008,121,584
3009,121,680
3010,121,1448
3011,121,1448
3012,121,680
3013,121,1448
3014,121,1248
3015,121,1448
3016,121,608
3017,121,1448
3018,121,1448
3019,121,512
3020,121,1448
3021,121,584
3022,121,680
3023,121,680
3024,121,608
3025,122,1448
3026,122,1448
3027,122,608
3028,122,608
3029,122,608
3030,122,608
3031,122,608
3032,122,680
3033,122,584
3034,122,1448
3035,122,1248
3036,122,1448
3037,122,608
3038,122,1448
3039,122,1448
3040,122,608
3041,122,680
3042,122,248
3043,122,584
3044,122,1248
3045,122,1248
3046,122,1448
3047,122,608
3048,122,1448
3049,122,1248
3050,123,1448
3051,123,1448
3052,123,1448
3053,123,1448
3054,123,608
3055,123,1448
3056,123,608
3057,123,1248
3058,123,584
3059,123,608
3060,123,1448
3061,123,1448
3062,123,608
3063,123,608
3064,123,1448
3065,123,1248
3066,123,608
3067,123,1248
3068,123,584
3069,123,512
3070,123,1248
3071,123,680
3072,123,1448
3073,123,608
3074,123,608
3075,124,1448
3076,124,1448
3077,124,1448
3078,124,1248
3079,124,1448
3080,124,608
3081,124,584
3082,124,584
3083,124,1448
3084,124,248
3085,124,608
3086,124,1448
3087,124,512
3088,124,512
3089,124,608
3090,124,1448
3091,124,1248
3092,124,1248
3093,124,1448
3094,124,1448
3095,124,1448
3096,124,1448
3097,124,512
3098,124,1448
3099,124,248
3100,125,1448
3101,125,1448
3102,125,1448
3103,125,608
3104,125,584
3105,125,1248
3106,125,608
3107,125,584
3108,125,608
3109,125,512
3110,125,1248
3111,125,1448
3112,125,1248
3113,125,512
3114,125,1448
3115,125,1448
3116,125,1448
3117,125,1448
3118,125,608
3119,125,608
3120,125,512
3121,125,1448
3122,125,1248
3123,125,608
3124,125,608
3125,126,1448
3126,126,1448
3127,126,584
3128,126,584
3129,126,1448
3130,126,1448
3131,126,1448
3132,126,1448
3133,126,1248
3134,126,1448
3135,126,1448
3136,126,1448
3137,126,1448
3138,126,1248
3139,126,680
3140,126,608
3141,126,1448
3142,126,584
3143,126,1248
3144,126,608
3145,126,584
3146,126,1448
3147,126,1448
3148,126,1248
3149,126,1448
3150,127,1448
3151,127,1448
3152,127,1448
3153,127,1448
3154,127,1248
3155,127,1448
3156,127,512
3157,127,608
3158,127,680
3159,127,608
3160,127,1448
3161,127,1448
3162,127,608
3163,127,1448
3164,127,608
3165,127,584
3166,127,1448
3167,127,1248
3168,127,1448
3169,127,1448
3170,127,1248
3171,127,512
3172,127,584
3173,127,584
3174,127,1448
3175,128,1448
3176,128,1448
3177,128,608
3178,128,1248
3179,128,1448
3180,128,512
3181,128,1448
3182,128,1248
3183,128,680
3184,128,1448
3185,128,608
3186,128,680
3187,128,512
3188,128,1448
3189,128,680
3190,128,1248
3191,128,608
3192,128,1448
3193,128,1448
3194,128,584
3195,128,680
3196,128,680
3197,128,608
3198,128,1248
3199,128,248
3200,129,1448
3201,129,1448
3202,129,1248
3203,129,608
3204,129,1448
3205,129,1448
3206,129,1448
3207,129,1448
3208,129,608
3209,129,1448
3210,129,608
3211,129,1248
3212,129,1448
3213,129,1248
3214,129,1248
3215,129,680
3216,129,1248
3217,129,1448
3218,129,608
3219,129,584
3220,129,1248
3221,129,248
3222,129,608
3223,129,680
3224,129,608
3225,130,1448
3226,130,1448
3227,130,680
3228,130,1248
3229,130,1448
3230,130,1248
3231,130,584
3232,130,1448
3233,130,680
3234,130,512
3235,130,1248
3236,130,1248
3237,130,1248
3238,130,1448
3239,130,680
3240,130,680
3241,130,1448
3242,130,680
3243,130,1448
3244,130,1448
3245,130,608
3246,130,1448
3247,130,1248
3248,130,584
3249,130,1248
3250,131,1448
3251,131,1448
3252,131,1248
3253,131,1448
3254,131,680
3255,131,1248
3256,131,1448
3257,131,248
3258,131,584
3259,131,1448
3260,131,1448
3261,131,1448
3262,131,248
3263,131,1448
3264,131,1248
3265,131,584
3266,131,1248
3267,131,1448
3268,131,1448
3269,131,680
3270,131,680
3271,131,608
3272,131,584
3273,131,1248
3274,131,1448
3275,132,1448
3276,132,1448
3277,132,1248
3278,132,584
3279,132,1448
3280,132,608
3281,132,1448
3282,132,680
3283,132,1448
3284,132,1448
3285,132,608
3286,132,584
3287,132,608
3288,132,1448
3289,132,1248
3290,132,1248
3291,132,1448
3292,132,584
3293,132,1448
3294,132,1448
3295,132,584
3296,132,608
3297,132,1448
3298,132,1248
3299,132,1248
3300,133,1448
3301,133,1448
3302,133,1448
3303,133,608
3304,133,1248
3305,133,608
3306,133,680
3307,133,608
3308,133,680
3309,133,1448
3310,133,1448
3311,133,1448
3312,133,1448
3313,133,584
3314,133,1448
3315,133,608
3316,133,680
3317,133,1448
3318,133,1248
3319,133,512
3320,133,1248
3321,133,1448
3322,133,248
3323,133,1448
3324,133,1248
3325,134,1448
3326,134,1448
3327,134,1248
3328,134,680
3329,134,1448
3330,134,1248
3331,134,1448
3332,134,1448
3333,134,1248
3334,134,1448
3335,134,680
3336,134,1248
3337,134,680
3338,134,1248
3339,134,1248
3340,134,1448
3341,134,608
3342,134,1248
3343,134,248
3344,134,608
3345,134,608
3346,134,1448
3347,134,608
3348,134,1248
3349,134,1248
3350,135,1448
3351,135,1448
3352,135,1248
3353,135,1248
3354,135,1448
3355,135,584
3356,135,1448
3357,135,1448
3358,135,1248
3359,135,1248
3360,135,1248
3361,135,608
3362,135,608
3363,135,608
3364,135,1248
3365,135,1448
3366,135,1448
3367,135,1248
3368,135,584
3369,135,1248
3370,135,1448
3371,135,680
3372,135,1448
3373,135,512
3374,135,1448
3375,136,1448
3376,136,1448
3377,136,1248
3378,136,608
3379,136,608
3380,136,608
3381,136,608
3382,136,1448
3383,136,1448
3384,136,680
3385,136,1448
3386,136,512
3387,136,608
3388,136,1448
3389,136,1248
3390,136,1248
3391,136,512
3392,136,680
3393,136,1448
3394,136,608
3395,136,584
3396,136,1448
3397,136,1248
3398,136,1448
3399,136,1448
3400,137,1448
3401,137,1448
3402,137,1448
3403,137,680
3404,137,608
3405,137,1448
3406,137,1448
3407,137,608
3408,137,512
3409,137,1448
3410,137,608
3411,137,1448
3412,137,1448
3413,137,512
3414,137,608
3415,137,584
3416,137,1248
3417,137,608
3418,137,1248
3419,137,584
3420,137,1248
3421,137,1448
3422,137,1248
3423,137,512
3424,137,1248
3425,138,1448
3426,138,1448
3427,138,608
3428,138,248
3429,138,680
3430,138,680
3431,138,1248
3432,138,1448
3433,138,1248
3434,138,1248
3435,138,608
3436,138,608
3437,138,1448
3438,138,1448
3439,138,608
3440,138,584
3441,138,608
3442,138,512
3443,138,1448
3444,138,1248
3445,138,1448
3446,138,608
3447,138,680
3448,138,1448
3449,138,1248
3450,139,1448
3451,139,1448
3452,139,608
3453,139,1448
3454,139,584
3455,139,1248
3456,139,608
3457,139,680
3458,139,1448
3459,139,1448
3460,139,584
3461,139,1448
3462,139,1448
3463,139,1448
3464,139,608
3465,139,1248
3466,139,608
3467,139,1448
3468,139,1448
3469,139,680
3470,139,512
3471,139,512
3472,139,1448
3473,139,680
3474,139,584
3475,140,1448
3476,140,1448
3477,140,608
3478,140,1248
3479,140,1448
3480,140,608
3481,140,1448
3482,140,1248
3483,140,608
3484,140,584
3485,140,1248
3486,140,1448
3487,140,1248
3488,140,608
3489,140,680
3490,140,1448
3491,140,680
3492,140,1248
3493,140,1248
3494,140,1248
3495,140,1248
3496,140,1448
3497,140,1448
3498,140,608
3499,140,1248
3500,141,1448
3501,141,1448
3502,141,584
3503,141,1448
3504,141,608
3505,141,608
3506,141,680
3507,141,1248
3508,141,1448
3509,141,1448
3510,141,1248
3511,141,608
3512,141,608
3513,141,1248
3514,141,512
3515,141,1248
3516,141,584
3517,141,680
3518,141,1448
3519,141,584
3520,141,608
3521,141,1448
3522,141,1448
3523,141,1448
3524,141,1248
3525,142,1448
3526,142,1448
3527,142,1248
3528,142,248
3529,142,1448
3530,142,512
3531,142,608
3532,142,512
3533,142,680
3534,142,1248
3535,142,608
3536,142,1448
3537,142,584
3538,142,248
3539,142,584
3540,142,608
3541,142,1448
3542,142,1448
3543,142,680
3544,142,248
3545,142,1248
3546,142,608
3547,142,1448
3548,142,248
3549,142,512
3550,143,1448
3551,143,1448
3552,143,1448
3553,143,608
3554,143,1448
3555,143,1448
3556,143,1448
3557,143,608
3558,143,584
3559,143,1448
3560,143,1448
3561,143,608
3562,143,1248
3563,143,680
3564,143,1248
3565,143,1248
3566,143,1248
3567,143,1248
3568,143,1448
3569,143,248
3570,143,1248
3571,143,1248
3572,143,248
3573,143,1448
3574,143,608
3575,144,1448
3576,144,1448
3577,144,608
3578,144,680
3579,144,1448
3580,144,608
3581,144,584
3582,144,608
3583,144,680
3584,144,1448
3585,144,1248
3586,144,680
3587,144,608
3588,144,1248
3589,144,1448
3590,144,1248
3591,144,1248
3592,144,1448
3593,144,1248
3594,144,1248
3595,144,1248
3596,144,1448
3597,144,1248
3598,144,1448
3599,144,1248
3600,145,1448
3601,145,1448
3602,145,1448
3603,145,608
3604,145,1248
3605,145,608
3606,145,680
3607,145,608
3608,145,680
3609,145,512
3610,145,1248
3611,145,1248
3612,145,680
3613,145,1248
3614,145,1448
3615,145,1448
3616,145,608
3617,145,1448
3618,145,608
3619,145,680
3620,145,1248
3621,145,1448
3622,145,584
3623,145,1448
3624,145,1248
3625,146,1448
3626,146,1448
3627,146,1448
3628,146,1448
3629,146,1248
3630,146,584
3631,146,1248
3632,146,1448
3633,146,1144
3634,146,608
3635,146,584
3636,146,1448
3637,146,1448
3638,146,680
3639,146,1248
3640,146,1248
3641,146,1448
3642,146,680
3643,146,608
3644,146,1248
3645,146,512
3646,146,584
3647,146,1248
3648,146,1248
3649,146,608
3650,147,1448
3651,147,1448
3652,147,1248
3653,147,584
3654,147,512
3655,147,1448
3656,147,584
3657,147,1448
3658,147,1248
3659,147,1448
3660,147,512
3661,147,1248
3662,147,1248
3663,147,584
3664,147,584
3665,147,1248
3666,147,1448
3667,147,1448
3668,147,608
3669,147,1248
3670,147,512
3671,147,1448
3672,147,1448
3673,147,1448
3674,147,248
3675,148,1448
3676,148,1448
3677,148,1248
3678,148,1248
3679,148,608
3680,148,608
3681,148,1448
3682,148,1448
3683,148,1248
3684,148,1448
3685,148,584
3686,148,1248
3687,148,1248
3688,148,1448
3689,148,608
3690,148,1448
3691,148,1448
3692,148,1448
3693,148,608
3694,148,512
3695,148,1248
3696,148,1448
3697,148,608
3698,148,680
3699,148,1448
3700,149,1448
3701,149,1448
3702,149,608
3703,149,608
3704,149,1248
3705,149,1448
3706,149,1448
3707,149,584
3708,149,1448
3709,149,1448
3710,149,608
3711,149,608
3712,149,1248
3713,149,1448
3714,149,1448
3715,149,1448
3716,149,1448
3717,149,1448
3718,149,608
3719,149,1448
3720,149,608
3721,149,608
3722,149,512
3723,149,608
3724,149,1248
3725,150,1448
3726,150,1448
3727,150,608
3728,150,1248
3729,150,1248
3730,150,1448
3731,150,1448
3732,150,1448
3733,150,680
3734,150,512
3735,150,1448
3736,150,1448
3737,150,680
3738,150,1248
3739,150,584
3740,150,1448
3741,150,1448
3742,150,1448
3743,150,1448
3744,150,1248
3745,150,1248
3746,150,680
3747,150,608
3748,150,1448
3749,150,1248
3750,151,1448
3751,151,1448
3752,151,608
3753,151,608
3754,151,608
3755,151,1248
3756,151,680
3757,151,1248
3758,151,584
3759,151,1448
3760,151,1448
3761,151,1448
3762,151,608
3763,151,584
3764,151,1248
3765,151,1448
3766,151,1248
3767,151,584
3768,151,1448
3769,151,1448
3770,151,608
3771,151,584
3772,151,1248
3773,151,512
3774,151,608
3775,152,1448
3776,152,1448
3777,152,1448
3778,152,608
3779,152,608
3780,152,608
3781,152,1248
3782,152,1448
3783,152,1248
3784,152,1144
3785,152,584
3786,152,1448
3787,152,512
3788,152,248
3789,152,584
3790,152,1248
3791,152,608
3792,152,584
3793,152,512
3794,152,1448
3795,152,1448
3796,152,1448
3797,152,1248
3798,152,584
3799,152,584
3800,153,1448
3801,153,1448
3802,153,1448
3803,153,584
3804,153,1448
3805,153,248
3806,153,1248
3807,153,608
3808,153,1248
3809,153,608
3810,153,608
3811,153,608
3812,153,584
3813,153,608
3814,153,608
3815,153,1248
3816,153,1448
3817,153,1448
3818,153,680
3819,153,584
3820,153,1248
3821,153,584
3822,153,512
3823,153,1248
3824,153,1248
3825,154,1448
3826,154,1448
3827,154,1448
3828,154,1448
3829,154,584
3830,154,512
3831,154,608
3832,154,1248
3833,154,584
3834,154,1248
3835,154,608
3836,154,608
3837,154,1448
3838,154,1448
3839,154,1248
3840,154,608
3841,154,1248
3842,154,1248
3843,154,1448
3844,154,1448
3845,154,1448
3846,154,608
3847,154,1448
3848,154,584
3849,154,1248
3850,155,1448
3851,155,1448
3852,155,608
3853,155,1248
3854,155,608
3855,155,584
3856,155,1448
3857,155,1448
3858,155,1248
3859,155,1448
3860,155,608
3861,155,608
3862,155,1248
3863,155,1248
3864,155,1096
3865,155,680
3866,155,608
3867,155,1448
3868,155,608
3869,155,608
3870,155,1248
3871,155,1248
3872,155,1248
3873,155,1248
3874,155,1248
3875,156,1448
3876,156,1448
3877,156,1248
3878,156,1448
3879,156,1304
3880,156,1248
3881,156,1248
3882,156,1248
3883,156,1248
3884,156,1248
3885,156,608
3886,156,680
3887,156,1248
3888,156,1448
3889,156,680
3890,156,1448
3891,156,1448
3892,156,1448
3893,156,1448
3894,156,608
3895,156,1448
3896,156,0
3897,156,1248
3898,156,1448
3899,156,608
3900,157,1448
3901,157,1448
3902,157,512
3903,157,608
3904,157,248
3905,157,584
3906,157,1448
3907,157,608
3908,157,512
3909,157,608
3910,157,1248
3911,157,1248
3912,157,1448
3913,157,1448
3914,157,1248
3915,157,680
3916,157,608
3917,157,1448
3918,157,1448
3919,157,1448
3920,157,608
3921,157,1448
3922,157,1448
3923,157,608
3924,157,1248
3925,158,1448
3926,158,1448
3927,158,1248
3928,158,608
3929,158,1448
3930,158,1448
3931,158,608
3932,158,1448
3933,158,1448
3934,158,1448
3935,158,248
3936,158,1248
3937,158,1448
3938,158,1448
3939,158,584
3940,158,512
3941,158,1248
3942,158,608
3943,158,1448
3944,158,608
3945,158,680
3946,158,1448
3947,158,1448
3948,158,608
3949,158,608
3950,159,1448
3951,159,1448
3952,159,584
3953,159,512
3954,159,512
3955,159,1448
3956,159,1448
3957,159,1248
3958,159,1448
3959,159,680
3960,159,1448
3961,159,1248
3962,159,1448
3963,159,1448
3964,159,1448
3965,159,608
3966,159,1248
3967,159,584
3968,159,1448
3969,159,1448
3970,159,1248
3971,159,1248
3972,159,584
3973,159,1248
3974,159,1448
3975,160,1448
3976,160,1448
3977,160,1448
3978,160,608
3979,160,1448
3980,160,1448
3981,160,1248
3982,160,1448
3983,160,1448
3984,160,608
3985,160,608
3986,160,1248
3987,160,1448
3988,160,608
3989,160,584
3990,160,1448
3991,160,680
3992,160,512
3993,160,1448
3994,160,1448
3995,160,1448
3996,160,512
3997,160,608
3998,160,1448
3999,160,680
4000,161,1448
4001,161,1448
4002,161,680
4003,161,1248
4004,161,1448
4005,161,1448
4006,161,1248
4007,161,512
4008,161,584
4009,161,1248
4010,161,608
4011,161,1248
4012,161,1248
4013,161,1448
4014,161,248
4015,161,1448
4016,161,680
4017,161,584
4018,161,608
4019,161,608
4020,161,680
4021,161,1448
4022,161,608
4023,161,584
4024,161,1248
4025,162,1448
4026,162,1448
4027,162,584
4028,162,608
4029,162,1448
4030,162,1448
4031,162,1448
4032,162,608
4033,162,1448
4034,162,1448
4035,162,1248
4036,162,608
4037,162,1448
4038,162,1448
4039,162,1448
4040,162,512
4041,162,1448
4042,162,1248
4043,162,512
4044,162,608
4045,162,680
4046,162,1448
4047,162,1248
4048,162,608
4049,162,512
4050,163,1448
4051,163,1448
4052,163,1448
4053,163,1448
4054,163,584
4055,163,1448
4056,163,1448
4057,163,1248
4058,163,1248
4059,163,1248
4060,163,1448
4061,163,1448
4062,163,1248
4063,163,1248
4064,163,584
4065,163,248
4066,163,512
4067,163,1448
4068,163,608
4069,163,680
4070,163,608
4071,163,1448
4072,163,1448
4073,163,1448
4074,163,1448
4075,164,1448
4076,164,1448
4077,164,1248
4078,164,1448
4079,164,1248
4080,164,1448
4081,164,1448
4082,164,1248
4083,164,248
4084,164,680
4085,164,1448
4086,164,512
4087,164,1448
4088,164,1248
4089,164,512
4090,164,1248
4091,164,1448
4092,164,1448
4093,164,680
4094,164,1448
4095,164,608
4096,164,1248
4097,164,1248
4098,164,1448
4099,164,512
4100,165,1448
4101,165,1448
4102,165,584
4103,165,608
4104,165,1448
4105,165,1248
4106,165,1448
4107,165,512
4108,165,512
4109,165,680
4110,165,1248
4111,165,1248
4112,165,1448
4113,165,1448
4114,165,1248
4115,165,1448
4116,165,608
4117,165,1448
4118,165,1248
4119,165,608
4120,165,512
4121,165,1248
4122,165,512
4123,165,608
4124,165,1448
4125,166,1448
4126,166,1448
4127,166,248
4128,166,608
4129,166,1448
4130,166,1248
4131,166,584
4132,166,680
4133,166,680
4134,166,1448
4135,166,1248
4136,166,608
4137,166,1448
4138,166,584
4139,166,512
4140,166,1448
4141,166,608
4142,166,1448
4143,166,1248
4144,166,1248
4145,166,1248
4146,166,512
4147,166,584
4148,166,1448
4149,166,1448
4150,167,1448
4151,167,1448
4152,167,608
4153,167,248
4154,167,584
4155,167,608
4156,167,1448
4157,167,1448
4158,167,1248
4159,167,1248
4160,167,584
4161,167,1248
4162,167,248
4163,167,512
4164,167,608
4165,167,1448
4166,167,248
4167,167,1448
4168,167,680
4169,167,680
4170,167,1248
4171,167,608
4172,167,1248
4173,167,608
4174,167,584
4175,168,1448
4176,168,1448
4177,168,1248
4178,168,608
4179,168,1248
4180,168,584
4181,168,1448
4182,168,608
4183,168,1448
4184,168,1448
4185,168,608
4186,168,1448
4187,168,1248
4188,168,608
4189,168,1248
4190,168,1248
4191,168,608
4192,168,608
4193,168,608
4194,168,1248
4195,168,1448
4196,168,1248
4197,168,584
4198,168,608
4199,168,1248
4200,169,1448
4201,169,1448
4202,169,1248
4203,169,248
4204,169,1448
4205,169,608
4206,169,1248
4207,169,680
4208,169,1448
4209,169,1448
4210,169,608
4211,169,608
4212,169,608
4213,169,1248
4214,169,584
4215,169,1448
4216,169,1248
4217,169,608
4218,169,1448
4219,169,584
4220,169,1448
4221,169,1448
4222,169,680
4223,169,680
4224,169,1248
4225,170,1448
4226,170,1448
4227,170,1248
4228,170,680
4229,170,608
4230,170,1448
4231,170,1448
4232,170,248
4233,170,1248
4234,170,512
4235,170,680
4236,170,608
4237,170,512
4238,170,608
4239,170,1248
4240,170,512
4241,170,1448
4242,170,1248
4243,170,608
4244,170,584
4245,170,680
4246,170,1448
4247,170,1448
4248,170,608
4249,170,608
4250,171,1448
4251,171,1448
4252,171,608
4253,171,1248
4254,171,680
4255,171,1448
4256,171,1248
4257,171,584
4258,171,680
4259,171,1448
4260,171,608
4261,171,1248
4262,171,584
4263,171,1448
4264,171,1448
4265,171,1248
4266,171,1248
4267,171,1448
4268,171,1448
4269,171,1448
4270,171,1448
4271,171,1448
4272,171,1448
4273,171,1248
4274,171,608
4275,172,1448
4276,172,1448
4277,172,608
4278,172,1248
4279,172,1448
4280,172,608
4281,172,1248
4282,172,1248
4283,172,1448
4284,172,1248
4285,172,1448
4286,172,1248
4287,172,1448
4288,172,608
4289,172,1448
4290,172,680
4291,172,584
4292,172,608
4293,172,608
4294,172,1248
4295,172,1248
4296,172,1448
4297,172,1448
4298,172,584
4299,172,608
4300,173,1448
4301,173,1448
4302,173,1248
4303,173,1448
4304,173,608
4305,173,1448
4306,173,680
4307,173,1448
4308,173,1448
4309,173,584
4310,173,1448
4311,173,1248
4312,173,584
4313,173,608
4314,173,512
4315,173,1448
4316,173,584
4317,173,1248
4318,173,608
4319,173,584
4320,173,584
4321,173,608
4322,173,1448
4323,173,1448
4324,173,1248
4325,174,1448
4326,174,1448
4327,174,1448
4328,174,1248
4329,174,584
4330,174,680
4331,174,1448
4332,174,680
4333,174,1448
4334,174,1448
4335,174,584
4336,174,1448
4337,174,608
4338,174,1248
4339,174,1448
4340,174,1248
4341,174,512
4342,174,1448
4343,174,1448
4344,174,1248
4345,174,1248
4346,174,1448
4347,174,584
4348,174,1448
4349,174,1448
4350,175,1448
4351,175,1448
4352,175,608
4353,175,584
4354,175,1248
4355,175,608
4356,175,584
4357,175,1448
4358,175,1448
4359,175,1448
4360,175,512
4361,175,680
4362,175,584
4363,175,1248
4364,175,1448
4365,175,1448
4366,175,512
4367,175,608
4368,175,1248
4369,175,608
4370,175,584
4371,175,248
4372,175,584
4373,175,1448
4374,175,608
4375,176,1448
4376,176,1448
4377,176,608
4378,176,608
4379,176,1248
4380,176,1448
4381,176,608
4382,176,512
4383,176,1448
4384,176,584
4385,176,584
4386,176,1248
4387,176,680
4388,176,680
4389,176,584
4390,176,608
4391,176,1448
4392,176,1448
4393,176,512
4394,176,584
4395,176,248
4396,176,1248
4397,176,1248
4398,176,512
4399,176,1448
4400,177,1448
4401,177,1448
4402,177,1448
4403,177,1448
4404,177,1248
4405,177,608
4406,177,1248
4407,177,608
4408,177,1248
4409,177,584
4410,177,1448
4411,177,584
4412,177,1248
4413,177,1248
4414,177,584
4415,177,1248
4416,177,680
4417,177,1248
4418,177,1448
4419,177,1448
4420,177,1248
4421,177,1448
4422,177,584
4423,177,248
4424,177,680
4425,178,1448
4426,178,1448
4427,178,512
4428,178,608
4429,178,608
4430,178,1448
4431,178,1248
4432,178,608
4433,178,584
4434,178,608
4435,178,1448
4436,178,680
4437,178,1448
4438,178,608
4439,178,1448
4440,178,1448
4441,178,608
4442,178,608
4443,178,1448
4444,178,1248
4445,178,1448
4446,178,584
4447,178,584
4448,178,608
4449,178,1248
4450,179,1448
4451,179,1448
4452,179,584
4453,179,1448
4454,179,680
4455,179,608
4456,179,1448
4457,179,608
4458,179,1248
4459,179,680
4460,179,680
4461,179,1448
4462,179,1248
4463,179,248
4464,179,512
4465,179,1448
4466,179,1248
4467,179,1448
4468,179,1248
4469,179,1248
4470,179,1448
4471,179,512
4472,179,1448
4473,179,2408
4474,179,608
4475,180,2408
4476,180,1448
4477,180,512
4478,180,584
4479,180,1248
4480,180,248
4481,180,608
4482,180,1448
4483,180,248
4484,180,1448
4485,180,512
4486,180,512
4487,180,680
4488,180,608
4489,180,1248
4490,180,512
4491,180,1448
4492,180,1248
4493,180,1448
4494,180,608
4495,180,608
4496,180,584
4497,180,512
4498,180,2408
4499,180,1248
4500,181,2408
4501,181,2408
4502,181,608
4503,181,584
4504,181,680
4505,181,1736
4506,181,1736
4507,181,608
4508,181,512
4509,181,584
4510,181,584
4511,181,248
4512,181,584
4513,181,1448
4514,181,512
4515,181,512
4516,181,2408
4517,181,512
4518,181,1248
4519,181,512
4520,181,680
4521,181,2408
4522,181,1448
4523,181,584
4524,181,608
4525,182,2408
4526,182,2408
4527,182,608
4528,182,1448
4529,182,584
4530,182,512
4531,182,1448
4532,182,2408
4533,182,584
4534,182,1448
4535,182,584
4536,182,2408
4537,182,2408
4538,182,584
4539,182,608
4540,182,1448
4541,182,608
4542,182,512
4543,182,2408
4544,182,1448
4545,182,608
4546,182,1448
4547,182,2408
4548,182,608
4549,182,512
4550,183,2408
4551,183,2408
4552,183,584
4553,183,248
4554,183,1248
4555,183,1736
4556,183,2408
4557,183,1448
4558,183,1448
4559,183,584
4560,183,512
4561,183,2408
4562,183,608
4563,183,2408
4564,183,1448
4565,183,2408
4566,183,2408
4567,183,584
4568,183,248
4569,183,1448
4570,183,608
4571,183,512
4572,183,584
4573,183,2408
4574,183,584
4575,184,2408
4576,184,2408
4577,184,1448
4578,184,584
4579,184,1448
4580,184,584
4581,184,1448
4582,184,512
4583,184,584
4584,184,1448
4585,184,2408
4586,184,2408
4587,184,1448
4588,184,608
4589,184,512
4590,184,608
4591,184,2408
4592,184,608
4593,184,1736
4594,184,2408
4595,184,584
4596,184,512
4597,184,2408
4598,184,1448
4599,184,2408
4600,185,2408
4601,185,2408
4602,185,2408
4603,185,1448
4604,185,608
4605,185,2408
4606,185,2408
4607,185,2408
4608,185,1448
4609,185,584
4610,185,512
4611,185,1448
4612,185,2408
4613,185,2408
4614,185,1448
4615,185,1448
4616,185,248
4617,185,584
4618,185,1736
4619,185,2408
4620,185,1448
4621,185,2408
4622,185,584
4623,185,2408
4624,185,2408
4625,186,2408
4626,186,2408
4627,186,608
4628,186,1448
4629,186,2408
4630,186,2408
4631,186,608
4632,186,2408
4633,186,608
4634,186,608
4635,186,248
4636,186,512
4637,186,512
4638,186,1448
4639,186,1448
4640,186,1736
4641,186,584
4642,186,2408
4643,186,1448
4644,186,584
4645,186,512
4646,186,512
4647,186,2408
4648,186,584
4649,186,2408
4650,187,2408
4651,187,2408
4652,187,2408
4653,187,2408
4654,187,2408
4655,187,584
4656,187,2408
4657,187,1736
4658,187,2408
4659,187,584
4660,187,248
4661,187,584
4662,187,1736
4663,187,1736
4664,187,248
4665,187,2408
4666,187,2408
4667,187,1448
4668,187,680
4669,187,2408
4670,187,512
4671,187,2408
4672,187,1448
4673,187,1736
4674,187,608
4675,188,2408
4676,188,2408
4677,188,512
4678,188,512
4679,188,2408
4680,188,2408
4681,188,2408
4682,188,1736
4683,188,608
4684,188,608
4685,188,2408
4686,188,1448
4687,188,2408
4688,188,2408
4689,188,2408
4690,188,2408
4691,188,2408
4692,188,512
4693,188,2408
4694,188,2408
4695,188,2408
4696,188,1736
4697,188,1448
4698,188,2408
4699,188,680
4700,189,2408
4701,189,2408
4702,189,2408
4703,189,2408
4704,189,512
4705,189,2408
4706,189,1448
4707,189,512
4708,189,512
4709,189,2408
4710,189,2408
4711,189,1448
4712,189,2408
4713,189,2408
4714,189,2408
4715,189,1448
4716,189,1448
4717,189,512
4718,189,1736
4719,189,584
4720,189,1448
4721,189,608
4722,189,2408
4723,189,608
4724,189,584
4725,190,2408
4726,190,2408
4727,190,512
4728,190,2408
4729,190,680
4730,190,1448
4731,190,2408
4732,190,2408
4733,190,1448
4734,190,512
4735,190,608
4736,190,2408
4737,190,584
4738,190,512
4739,190,2408
4740,190,2408
4741,190,2408
4742,190,608
4743,190,1448
4744,190,2408
4745,190,1448
4746,190,1448
4747,190,1448
4748,190,584
4749,190,2408
4750,191,2408
4751,191,2408
4752,191,512
4753,191,584
4754,191,2408
4755,191,608
4756,191,2408
4757,191,608
4758,191,512
4759,191,2408
4760,191,2408
4761,191,1736
4762,191,2408
4763,191,1448
4764,191,1448
4765,191,2408
4766,191,608
4767,191,608
4768,191,584
4769,191,2408
4770,191,2408
4771,191,1736
4772,191,2408
4773,191,2408
4774,191,2408
4775,192,2408
4776,192,2408
4777,192,1448
4778,192,584
4779,192,2408
4780,192,608
4781,192,512
4782,192,1448
4783,192,512
4784,192,1448
4785,192,2408
4786,192,248
4787,192,2408
4788,192,512
4789,192,2408
4790,192,2408
4791,192,1448
4792,192,584
4793,192,584
4794,192,584
4795,192,1448
4796,192,2408
4797,192,512
4798,192,2408
4799,192,2408
4800,193,2408
4801,193,2408
4802,193,2408
4803,193,584
4804,193,2408
4805,193,1448
4806,193,1448
4807,193,1448
4808,193,2408
4809,193,248
4810,193,512
4811,193,608
4812,193,2408
4813,193,584
4814,193,584
4815,193,608
4816,193,608
4817,193,584
4818,193,608
4819,193,2408
4820,193,608
4821,193,1736
4822,193,2408
4823,193,608
4824,193,2408
4825,194,2408
4826,194,2408
4827,194,1448
4828,194,2408
4829,194,2408
4830,194,584
4831,194,2408
4832,194,2408
4833,194,608
4834,194,2408
4835,194,2408
4836,194,512
4837,194,1736
4838,194,1448
4839,194,512
4840,194,2408
4841,194,2408
4842,194,2408
4843,194,2408
4844,194,608
4845,194,512
4846,194,584
4847,194,608
4848,194,2408
4849,194,2408
4850,195,2408
4851,195,2408
4852,195,584
4853,195,512
4854,195,680
4855,195,584
4856,195,608
4857,195,2408
4858,195,512
4859,195,584
4860,195,608
4861,195,584
4862,195,608
4863,195,584
4864,195,2408
4865,195,2408
4866,195,584
4867,195,248
4868,195,1736
4869,195,2408
4870,195,2408
4871,195,584
4872,195,2408
4873,195,1448
4874,195,2408
4875,196,2408
4876,196,2408
4877,196,608
4878,196,2408
4879,196,2408
4880,196,608
4881,196,608
4882,196,2408
4883,196,2408
4884,196,2408
4885,196,680
4886,196,608
4887,196,512
4888,196,584
4889,196,2408
4890,196,2408
4891,196,2408
4892,196,2408
4893,196,608
4894,196,1448
4895,196,584
4896,196,584
4897,196,1448
4898,196,608
4899,196,1448
4900,197,2408
4901,197,2408
4902,197,512
4903,197,584
4904,197,2408
4905,197,1448
4906,197,584
4907,197,2408
4908,197,512
4909,197,584
4910,197,2408
4911,197,1448
4912,197,1736
4913,197,1448
4914,197,2408
4915,197,608
4916,197,1448
4917,197,584
4918,197,1448
4919,197,584
4920,197,608
4921,197,2408
4922,197,2408
4923,197,584
4924,197,2408
4925,198,2408
4926,198,2408
4927,198,2408
4928,198,584
4929,198,1448
4930,198,512
4931,198,584
4932,198,584
4933,198,584
4934,198,2408
4935,198,512
4936,198,1448
4937,198,512
4938,198,512
4939,198,2408
4940,198,2408
4941,198,584
4942,198,2408
4943,198,584
4944,198,584
4945,198,1448
4946,198,2408
4947,198,584
4948,198,1448
4949,198,2408
4950,199,2408
4951,199,2408
4952,199,2408
4953,199,1448
4954,199,2408
4955,199,1736
4956,199,512
4957,199,512
4958,199,2408
4959,199,2408
4960,199,2408
4961,199,2408
4962,199,2408
4963,199,1736
4964,199,584
4965,199,584
4966,199,584
4967,199,584
4968,199,1736
4969,199,248
4970,199,1448
4971,199,2408
4972,199,1448
4973,199,1448
4974,199,584
4975,200,2408
4976,200,2408
4977,200,2408
4978,200,1736
4979,200,584
4980,200,2408
4981,200,2408
4982,200,248
4983,200,2408
4984,200,248
4985,200,2408
4986,200,2408
4987,200,1448
4988,200,584
4989,200,1448
4990,200,512
4991,200,2408
4992,200,1448
4993,200,584
4994,200,584
4995,200,584
4996,200,2408
4997,200,680
4998,200,584
4999,200,512
